Time [s],Outdoor Dry-Bulb Temperature [°C],Global Horizontal Irradiance [W/m²],Zone 1 Cooling Setpoint [°C],Zone 2 Cooling Setpoint [°C],AHU Supply Air Temperature [°C],AHU Supply Fan Air Flow [m³/s]
0.0,20.70,0.00,28.00,28.00,16.00,0.450
300.0,20.81,0.00,28.00,28.00,16.00,0.450
600.0,20.93,0.00,28.00,28.00,16.00,0.450
900.0,21.05,0.00,28.00,28.00,16.00,0.450
1200.0,21.18,0.00,28.00,28.00,16.00,0.450
1500.0,21.31,0.00,28.00,28.00,16.00,0.450
1800.0,21.43,0.00,28.00,28.00,16.00,0.450
2100.0,21.57,0.00,28.00,28.00,16.00,0.450
2400.0,21.70,0.00,28.00,28.00,16.00,0.450
2700.0,21.83,0.00,28.00,28.00,16.00,0.450
3000.0,21.97,0.00,28.00,28.00,16.00,0.450
3300.0,22.11,0.00,28.00,28.00,16.00,0.450
3600.0,22.25,0.00,28.00,28.00,16.00,0.450
3900.0,22.39,17.45,28.00,28.00,16.00,0.450
4200.0,22.54,34.90,28.00,28.00,16.00,0.450
4500.0,22.68,52.32,28.00,28.00,16.00,0.450
4800.0,22.83,69.72,28.00,28.00,16.00,0.450
5100.0,22.98,87.09,28.00,28.00,16.00,0.450
5400.0,23.13,104.42,28.00,28.00,16.00,0.450
5700.0,23.28,121.70,28.00,28.00,16.00,0.450
6000.0,23.43,138.92,28.00,28.00,16.00,0.450
6300.0,23.59,156.07,28.00,28.00,16.00,0.450
6600.0,23.74,173.15,28.00,28.00,16.00,0.450
6900.0,23.90,190.15,28.00,28.00,16.00,0.450
7200.0,24.06,207.06,24.00,24.50,12.00,1.170
7500.0,24.22,223.86,24.00,24.50,12.00,1.170
7800.0,24.38,240.56,24.00,24.50,12.00,1.170
8100.0,24.54,257.15,24.00,24.50,12.00,1.170
8400.0,24.70,273.62,24.00,24.50,12.00,1.170
8700.0,24.86,289.95,24.00,24.50,12.00,1.170
9000.0,25.02,306.15,24.00,24.50,12.00,1.170
9300.0,25.18,322.20,24.00,24.50,12.00,1.170
9600.0,25.35,338.09,24.00,24.50,12.00,1.170
9900.0,25.51,353.83,24.00,24.50,12.00,1.170
10200.0,25.67,369.40,24.00,24.50,12.00,1.170
10500.0,25.84,384.79,24.00,24.50,12.00,1.170
10800.0,26.00,400.00,24.00,24.50,12.00,1.170
11100.0,26.16,415.02,24.00,24.50,12.00,1.170
11400.0,26.33,429.84,24.00,24.50,12.00,1.170
11700.0,26.49,444.46,24.00,24.50,12.00,1.170
12000.0,26.65,458.86,24.00,24.50,12.00,1.170
12300.0,26.82,473.05,24.00,24.50,12.00,1.170
12600.0,26.98,487.01,24.00,24.50,12.00,1.170
12900.0,27.14,500.74,24.00,24.50,12.00,1.170
13200.0,27.30,514.23,24.00,24.50,12.00,1.170
13500.0,27.46,527.48,24.00,24.50,12.00,1.170
13800.0,27.62,540.47,24.00,24.50,12.00,1.170
14100.0,27.78,553.21,24.00,24.50,12.00,1.170
14400.0,27.94,565.69,24.00,24.50,12.00,1.170
14700.0,28.10,577.89,24.00,24.50,12.00,1.170
15000.0,28.26,589.82,24.00,24.50,12.00,1.170
15300.0,28.41,601.47,24.00,24.50,12.00,1.170
15600.0,28.57,612.84,24.00,24.50,12.00,1.170
15900.0,28.72,623.91,24.00,24.50,12.00,1.170
16200.0,28.87,634.68,24.00,24.50,12.00,1.170
16500.0,29.02,645.16,24.00,24.50,12.00,1.170
16800.0,29.17,655.32,24.00,24.50,12.00,1.170
17100.0,29.32,665.18,24.00,24.50,12.00,1.170
17400.0,29.46,674.71,24.00,24.50,12.00,1.170
17700.0,29.61,683.93,24.00,24.50,12.00,1.170
18000.0,29.75,692.82,24.00,24.50,12.00,1.170
18300.0,29.89,701.38,24.00,24.50,12.00,1.170
18600.0,30.03,709.61,24.00,24.50,12.00,1.170
18900.0,30.17,717.50,24.00,24.50,12.00,1.170
19200.0,30.30,725.05,24.00,24.50,12.00,1.170
19500.0,30.43,732.25,24.00,24.50,12.00,1.170
19800.0,30.57,739.10,24.00,24.50,12.00,1.170
20100.0,30.69,745.61,24.00,24.50,12.00,1.170
20400.0,30.82,751.75,24.00,24.50,12.00,1.170
20700.0,30.95,757.54,24.00,24.50,12.00,1.170
21000.0,31.07,762.97,24.00,24.50,12.00,1.170
21300.0,31.19,768.04,24.00,24.50,12.00,1.170
21600.0,31.30,772.74,24.00,24.50,12.00,1.170
21900.0,31.42,777.07,24.00,24.50,12.00,1.170
22200.0,31.53,781.04,24.00,24.50,12.00,1.170
22500.0,31.64,784.63,24.00,24.50,12.00,1.170
22800.0,31.75,787.85,24.00,24.50,12.00,1.170
23100.0,31.85,790.69,24.00,24.50,12.00,1.170
23400.0,31.95,793.16,24.00,24.50,12.00,1.170
23700.0,32.05,795.25,24.00,24.50,12.00,1.170
24000.0,32.14,796.96,24.00,24.50,12.00,1.170
24300.0,32.24,798.29,24.00,24.50,12.00,1.170
24600.0,32.33,799.24,24.00,24.50,12.00,1.170
24900.0,32.41,799.81,24.00,24.50,12.00,1.170
25200.0,32.50,800.00,24.00,24.50,12.00,1.170
25500.0,32.58,799.81,24.00,24.50,12.00,1.170
25800.0,32.65,799.24,24.00,24.50,12.00,1.170
26100.0,32.73,798.29,24.00,24.50,12.00,1.170
26400.0,32.80,796.96,24.00,24.50,12.00,1.170
26700.0,32.86,795.25,24.00,24.50,12.00,1.170
27000.0,32.93,793.16,24.00,24.50,12.00,1.170
27300.0,32.99,790.69,24.00,24.50,12.00,1.170
27600.0,33.05,787.85,24.00,24.50,12.00,1.170
27900.0,33.10,784.63,24.00,24.50,12.00,1.170
28200.0,33.15,781.04,24.00,24.50,12.00,1.170
28500.0,33.20,777.07,24.00,24.50,12.00,1.170
28800.0,33.24,772.74,24.00,24.50,12.00,1.170
29100.0,33.29,768.04,24.00,24.50,12.00,1.170
29400.0,33.32,762.97,24.00,24.50,12.00,1.170
29700.0,33.36,757.54,24.00,24.50,12.00,1.170
30000.0,33.39,751.75,24.00,24.50,12.00,1.170
30300.0,33.41,745.61,24.00,24.50,12.00,1.170
30600.0,33.44,739.10,24.00,24.50,12.00,1.170
30900.0,33.46,732.25,24.00,24.50,12.00,1.170
31200.0,33.47,725.05,24.00,24.50,12.00,1.170
31500.0,33.48,717.50,24.00,24.50,12.00,1.170
31800.0,33.49,709.61,24.00,24.50,12.00,1.170
32100.0,33.50,701.38,24.00,24.50,12.00,1.170
32400.0,33.50,692.82,24.00,24.50,12.00,1.170
32700.0,33.50,683.93,24.00,24.50,12.00,1.170
33000.0,33.49,674.71,24.00,24.50,12.00,1.170
33300.0,33.48,665.18,24.00,24.50,12.00,1.170
33600.0,33.47,655.32,24.00,24.50,12.00,1.170
33900.0,33.46,645.16,24.00,24.50,12.00,1.170
34200.0,33.44,634.68,24.00,24.50,12.00,1.170
34500.0,33.41,623.91,24.00,24.50,12.00,1.170
34800.0,33.39,612.84,24.00,24.50,12.00,1.170
35100.0,33.36,601.47,24.00,24.50,12.00,1.170
35400.0,33.32,589.82,24.00,24.50,12.00,1.170
35700.0,33.29,577.89,24.00,24.50,12.00,1.170
36000.0,33.24,565.69,24.00,24.50,12.00,1.170
36300.0,33.20,553.21,24.00,24.50,12.00,1.170
36600.0,33.15,540.47,24.00,24.50,12.00,1.170
36900.0,33.10,527.48,24.00,24.50,12.00,1.170
37200.0,33.05,514.23,24.00,24.50,12.00,1.170
37500.0,32.99,500.74,24.00,24.50,12.00,1.170
37800.0,32.93,487.01,24.00,24.50,12.00,1.170
38100.0,32.86,473.05,24.00,24.50,12.00,1.170
38400.0,32.80,458.86,24.00,24.50,12.00,1.170
38700.0,32.73,444.46,24.00,24.50,12.00,1.170
39000.0,32.65,429.84,24.00,24.50,12.00,1.170
39300.0,32.58,415.02,24.00,24.50,12.00,1.170
39600.0,32.50,400.00,24.00,24.50,12.00,1.170
39900.0,32.41,384.79,24.00,24.50,12.00,1.170
40200.0,32.33,369.40,24.00,24.50,12.00,1.170
40500.0,32.24,353.83,24.00,24.50,12.00,1.170
40800.0,32.14,338.09,24.00,24.50,12.00,1.170
41100.0,32.05,322.20,24.00,24.50,12.00,1.170
41400.0,31.95,306.15,24.00,24.50,12.00,1.170
41700.0,31.85,289.95,24.00,24.50,12.00,1.170
42000.0,31.75,273.62,24.00,24.50,12.00,1.170
42300.0,31.64,257.15,24.00,24.50,12.00,1.170
42600.0,31.53,240.56,24.00,24.50,12.00,1.170
42900.0,31.42,223.86,24.00,24.50,12.00,1.170
43200.0,31.30,207.06,24.00,24.50,12.00,1.170
43500.0,31.19,190.15,24.00,24.50,12.00,1.170
43800.0,31.07,173.15,24.00,24.50,12.00,1.170
44100.0,30.95,156.07,24.00,24.50,12.00,1.170
44400.0,30.82,138.92,24.00,24.50,12.00,1.170
44700.0,30.69,121.70,24.00,24.50,12.00,1.170
45000.0,30.57,104.42,24.00,24.50,12.00,1.170
45300.0,30.43,87.09,24.00,24.50,12.00,1.170
45600.0,30.30,69.72,24.00,24.50,12.00,1.170
45900.0,30.17,52.32,24.00,24.50,12.00,1.170
46200.0,30.03,34.90,24.00,24.50,12.00,1.170
46500.0,29.89,17.45,24.00,24.50,12.00,1.170
46800.0,29.75,0.00,24.00,24.50,12.00,1.170
47100.0,29.61,0.00,24.00,24.50,12.00,1.170
47400.0,29.46,0.00,24.00,24.50,12.00,1.170
47700.0,29.32,0.00,24.00,24.50,12.00,1.170
48000.0,29.17,0.00,24.00,24.50,12.00,1.170
48300.0,29.02,0.00,24.00,24.50,12.00,1.170
48600.0,28.87,0.00,24.00,24.50,12.00,1.170
48900.0,28.72,0.00,24.00,24.50,12.00,1.170
49200.0,28.57,0.00,24.00,24.50,12.00,1.170
49500.0,28.41,0.00,24.00,24.50,12.00,1.170
49800.0,28.26,0.00,24.00,24.50,12.00,1.170
50100.0,28.10,0.00,24.00,24.50,12.00,1.170
50400.0,27.94,0.00,24.00,24.50,12.00,1.170
50700.0,27.78,0.00,28.00,28.00,16.00,0.450
51000.0,27.62,0.00,28.00,28.00,16.00,0.450
51300.0,27.46,0.00,28.00,28.00,16.00,0.450
51600.0,27.30,0.00,28.00,28.00,16.00,0.450
51900.0,27.14,0.00,28.00,28.00,16.00,0.450
52200.0,26.98,0.00,28.00,28.00,16.00,0.450
52500.0,26.82,0.00,28.00,28.00,16.00,0.450
52800.0,26.65,0.00,28.00,28.00,16.00,0.450
53100.0,26.49,0.00,28.00,28.00,16.00,0.450
53400.0,26.33,0.00,28.00,28.00,16.00,0.450
53700.0,26.16,0.00,28.00,28.00,16.00,0.450
54000.0,26.00,0.00,28.00,28.00,16.00,0.450
54300.0,25.84,0.00,28.00,28.00,16.00,0.450
54600.0,25.67,0.00,28.00,28.00,16.00,0.450
54900.0,25.51,0.00,28.00,28.00,16.00,0.450
55200.0,25.35,0.00,28.00,28.00,16.00,0.450
55500.0,25.18,0.00,28.00,28.00,16.00,0.450
55800.0,25.02,0.00,28.00,28.00,16.00,0.450
56100.0,24.86,0.00,28.00,28.00,16.00,0.450
56400.0,24.70,0.00,28.00,28.00,16.00,0.450
56700.0,24.54,0.00,28.00,28.00,16.00,0.450
57000.0,24.38,0.00,28.00,28.00,16.00,0.450
57300.0,24.22,0.00,28.00,28.00,16.00,0.450
57600.0,24.06,0.00,28.00,28.00,16.00,0.450
57900.0,23.90,0.00,28.00,28.00,16.00,0.450
58200.0,23.74,0.00,28.00,28.00,16.00,0.450
58500.0,23.59,0.00,28.00,28.00,16.00,0.450
58800.0,23.43,0.00,28.00,28.00,16.00,0.450
59100.0,23.28,0.00,28.00,28.00,16.00,0.450
59400.0,23.13,0.00,28.00,28.00,16.00,0.450
59700.0,22.98,0.00,28.00,28.00,16.00,0.450
60000.0,22.83,0.00,28.00,28.00,16.00,0.450
60300.0,22.68,0.00,28.00,28.00,16.00,0.450
60600.0,22.54,0.00,28.00,28.00,16.00,0.450
60900.0,22.39,0.00,28.00,28.00,16.00,0.450
61200.0,22.25,0.00,28.00,28.00,16.00,0.450
61500.0,22.11,0.00,28.00,28.00,16.00,0.450
61800.0,21.97,0.00,28.00,28.00,16.00,0.450
62100.0,21.83,0.00,28.00,28.00,16.00,0.450
62400.0,21.70,0.00,28.00,28.00,16.00,0.450
62700.0,21.57,0.00,28.00,28.00,16.00,0.450
63000.0,21.43,0.00,28.00,28.00,16.00,0.450
63300.0,21.31,0.00,28.00,28.00,16.00,0.450
63600.0,21.18,0.00,28.00,28.00,16.00,0.450
63900.0,21.05,0.00,28.00,28.00,16.00,0.450
64200.0,20.93,0.00,28.00,28.00,16.00,0.450
64500.0,20.81,0.00,28.00,28.00,16.00,0.450
64800.0,20.70,0.00,28.00,28.00,16.00,0.450
65100.0,20.58,0.00,28.00,28.00,16.00,0.450
65400.0,20.47,0.00,28.00,28.00,16.00,0.450
65700.0,20.36,0.00,28.00,28.00,16.00,0.450
66000.0,20.25,0.00,28.00,28.00,16.00,0.450
66300.0,20.15,0.00,28.00,28.00,16.00,0.450
66600.0,20.05,0.00,28.00,28.00,16.00,0.450
66900.0,19.95,0.00,28.00,28.00,16.00,0.450
67200.0,19.86,0.00,28.00,28.00,16.00,0.450
67500.0,19.76,0.00,28.00,28.00,16.00,0.450
67800.0,19.67,0.00,28.00,28.00,16.00,0.450
68100.0,19.59,0.00,28.00,28.00,16.00,0.450
68400.0,19.50,0.00,28.00,28.00,16.00,0.450
68700.0,19.42,0.00,28.00,28.00,16.00,0.450
69000.0,19.35,0.00,28.00,28.00,16.00,0.450
69300.0,19.27,0.00,28.00,28.00,16.00,0.450
69600.0,19.20,0.00,28.00,28.00,16.00,0.450
69900.0,19.14,0.00,28.00,28.00,16.00,0.450
70200.0,19.07,0.00,28.00,28.00,16.00,0.450
70500.0,19.01,0.00,28.00,28.00,16.00,0.450
70800.0,18.95,0.00,28.00,28.00,16.00,0.450
71100.0,18.90,0.00,28.00,28.00,16.00,0.450
71400.0,18.85,0.00,28.00,28.00,16.00,0.450
71700.0,18.80,0.00,28.00,28.00,16.00,0.450
72000.0,18.76,0.00,28.00,28.00,16.00,0.450
72300.0,18.71,0.00,28.00,28.00,16.00,0.450
72600.0,18.68,0.00,28.00,28.00,16.00,0.450
72900.0,18.64,0.00,28.00,28.00,16.00,0.450
73200.0,18.61,0.00,28.00,28.00,16.00,0.450
73500.0,18.59,0.00,28.00,28.00,16.00,0.450
73800.0,18.56,0.00,28.00,28.00,16.00,0.450
74100.0,18.54,0.00,28.00,28.00,16.00,0.450
74400.0,18.53,0.00,28.00,28.00,16.00,0.450
74700.0,18.52,0.00,28.00,28.00,16.00,0.450
75000.0,18.51,0.00,28.00,28.00,16.00,0.450
75300.0,18.50,0.00,28.00,28.00,16.00,0.450
75600.0,18.50,0.00,28.00,28.00,16.00,0.450
75900.0,18.50,0.00,28.00,28.00,16.00,0.450
76200.0,18.51,0.00,28.00,28.00,16.00,0.450
76500.0,18.52,0.00,28.00,28.00,16.00,0.450
76800.0,18.53,0.00,28.00,28.00,16.00,0.450
77100.0,18.54,0.00,28.00,28.00,16.00,0.450
77400.0,18.56,0.00,28.00,28.00,16.00,0.450
77700.0,18.59,0.00,28.00,28.00,16.00,0.450
78000.0,18.61,0.00,28.00,28.00,16.00,0.450
78300.0,18.64,0.00,28.00,28.00,16.00,0.450
78600.0,18.68,0.00,28.00,28.00,16.00,0.450
78900.0,18.71,0.00,28.00,28.00,16.00,0.450
79200.0,18.76,0.00,28.00,28.00,16.00,0.450
79500.0,18.80,0.00,28.00,28.00,16.00,0.450
79800.0,18.85,0.00,28.00,28.00,16.00,0.450
80100.0,18.90,0.00,28.00,28.00,16.00,0.450
80400.0,18.95,0.00,28.00,28.00,16.00,0.450
80700.0,19.01,0.00,28.00,28.00,16.00,0.450
81000.0,19.07,0.00,28.00,28.00,16.00,0.450
81300.0,19.14,0.00,28.00,28.00,16.00,0.450
81600.0,19.20,0.00,28.00,28.00,16.00,0.450
81900.0,19.27,0.00,28.00,28.00,16.00,0.450
82200.0,19.35,0.00,28.00,28.00,16.00,0.450
82500.0,19.42,0.00,28.00,28.00,16.00,0.450
82800.0,19.50,0.00,28.00,28.00,16.00,0.450
83100.0,19.59,0.00,28.00,28.00,16.00,0.450
83400.0,19.67,0.00,28.00,28.00,16.00,0.450
83700.0,19.76,0.00,28.00,28.00,16.00,0.450
84000.0,19.86,0.00,28.00,28.00,16.00,0.450
84300.0,19.95,0.00,28.00,28.00,16.00,0.450
84600.0,20.05,0.00,28.00,28.00,16.00,0.450
84900.0,20.15,0.00,28.00,28.00,16.00,0.450
85200.0,20.25,0.00,28.00,28.00,16.00,0.450
85500.0,20.36,0.00,28.00,28.00,16.00,0.450
85800.0,20.47,0.00,28.00,28.00,16.00,0.450
86100.0,20.58,0.00,28.00,28.00,16.00,0.450
